{"accuracy": [0.6087346076965332, 0.8639305830001831, 0.9166512489318848, 0.9401379823684692, 0.9555160403251648, 0.9631125926971436, 0.9713351130485535, 0.9753183126449585, 0.9795148968696594, 0.981961727142334], "loss": [1.323213815689087, 0.43257513642311096, 0.25711509585380554, 0.18355484306812286, 0.13601373136043549, 0.10961585491895676, 0.08889075368642807, 0.07640283554792404, 0.06474998593330383, 0.05539439991116524], "val_accuracy": [0.8412815928459167, 0.9192465543746948, 0.9404165744781494, 0.9455952644348145, 0.9539608359336853, 0.9560664892196655, 0.9579444527626038, 0.9519121050834656, 0.9665376543998718, 0.9652856588363647], "val_loss": [0.5044187903404236, 0.2528302073478699, 0.1828402876853943, 0.16753099858760834, 0.14565180242061615, 0.1406518816947937, 0.1279357522726059, 0.15299838781356812, 0.11036395281553268, 0.12822723388671875]}